date,balance,level,cycle
2026-02-02,4950.0,5000,0
2026-02-04,5098.5,5000,0
2026-02-05,5047.52,5000,0
2026-02-09,5198.94,5000,0
2026-02-11,5354.91,5000,0
2026-02-12,5301.36,5000,0
2026-02-16,5460.4,5000,0
2026-02-18,5624.21,5000,0
2026-02-19,5736.7,5000,0
2026-02-23,5150.0,5000,1
2026-02-25,5304.5,5000,1
2026-02-26,5251.45,5000,1
2026-03-02,5198.94,5000,1
2026-03-04,5146.95,5000,1
2026-03-05,5095.48,5000,1
2026-03-09,5044.53,5000,1
2026-03-11,5195.86,5000,1
2026-03-12,5299.78,5000,1
2026-03-16,5246.78,5000,1
2026-03-18,5194.31,5000,1
2026-03-19,5142.37,5000,1
2026-03-23,5296.64,5000,1
2026-03-25,5455.54,5000,1
2026-03-26,5400.99,5000,1
2026-03-30,5346.98,5000,1
2026-04-01,5293.51,5000,1
2026-04-02,5399.38,5000,1
2026-04-06,5561.36,5000,1
2026-04-08,5728.2,5000,1
2026-04-09,4950.0,5000,2
2026-04-13,5098.5,5000,2
2026-04-15,5047.52,5000,2
2026-04-16,5148.47,5000,2
2026-04-20,5096.98,5000,2
2026-04-22,5046.01,5000,2
2026-04-23,5146.93,5000,2
2026-04-27,5301.34,5000,2
2026-04-29,5248.33,5000,2
2026-04-30,5195.84,5000,2
2026-05-04,5143.88,5000,2
2026-05-06,5298.2,5000,2
2026-05-07,5245.22,5000,2
2026-05-11,5402.57,5000,2
2026-05-13,5564.65,5000,2
2026-05-14,5675.95,5000,2
2026-05-18,7425.0,7500,3
2026-05-20,7350.75,7500,3
2026-05-21,7497.77,7500,3
2026-05-25,7722.7,7500,3
2026-05-27,7645.47,7500,3
2026-05-28,7798.38,7500,3
2026-06-01,7720.4,7500,3
2026-06-03,7643.19,7500,3
2026-06-04,7796.06,7500,3
2026-06-08,7718.1,7500,3
2026-06-10,7949.64,7500,3
2026-06-11,8108.63,7500,3
2026-06-15,8027.55,7500,3
2026-06-17,7947.27,7500,3
2026-06-18,7867.8,7500,3
2026-06-22,8103.83,7500,3
2026-06-24,8022.79,7500,3
2026-06-25,8183.25,7500,3
2026-06-29,8101.42,7500,3
2026-07-01,8020.4,7500,3
2026-07-02,7940.2,7500,3
2026-07-06,8178.4,7500,3
2026-07-08,8096.62,7500,3
2026-07-09,8258.55,7500,3
2026-07-13,8506.31,7500,3
2026-07-15,7725.0,7500,4
2026-07-16,7647.75,7500,4
2026-07-20,7571.27,7500,4
2026-07-22,7495.56,7500,4
2026-07-23,7645.47,7500,4
2026-07-27,7874.84,7500,4
2026-07-29,7796.09,7500,4
2026-07-30,7952.01,7500,4
2026-08-03,8190.57,7500,4
2026-08-05,8108.66,7500,4
2026-08-06,8270.84,7500,4
2026-08-10,8188.13,7500,4
2026-08-12,8433.77,7500,4
2026-08-13,8349.43,7500,4
2026-08-17,8265.94,7500,4
2026-08-19,8513.92,7500,4
2026-08-20,7425.0,7500,5
2026-08-24,7350.75,7500,5
2026-08-26,7571.27,7500,5
2026-08-27,7495.56,7500,5
2026-08-31,7720.43,7500,5
2026-09-02,7952.04,7500,5
2026-09-03,8111.08,7500,5
2026-09-07,8029.97,7500,5
2026-09-14,7949.67,7500,5
2026-09-16,8188.16,7500,5
2026-09-17,8106.28,7500,5
2026-09-21,8349.47,7500,5
2026-09-23,8599.95,7500,5
2026-09-24,9900.0,10000,6
2026-09-28,10197.0,10000,6
2026-09-30,10502.91,10000,6
2026-10-01,10712.97,10000,6
2026-10-05,11034.36,10000,6
2026-10-07,11365.39,10000,6
2026-10-08,9900.0,10000,7
2026-10-12,9801.0,10000,7
2026-10-14,9702.99,10000,7
2026-10-15,9605.96,10000,7
2026-10-19,9509.9,10000,7
2026-10-21,9795.2,10000,7
2026-10-22,9991.1,10000,7
2026-10-26,9891.19,10000,7
2026-10-28,9792.28,10000,7
2026-10-29,9694.36,10000,7
2026-11-02,9985.19,10000,7
2026-11-04,10284.74,10000,7
2026-11-05,10181.89,10000,7
2026-11-09,10080.08,10000,7
2026-11-11,9979.27,10000,7
2026-11-12,10178.86,10000,7
2026-11-16,10484.23,10000,7
2026-11-18,10798.75,10000,7
2026-11-19,10690.77,10000,7
2026-11-23,11011.49,10000,7
2026-11-25,10901.37,10000,7
2026-11-26,11119.4,10000,7
2026-11-30,11008.21,10000,7
2026-12-02,10898.12,10000,7
2026-12-03,11116.09,10000,7
2026-12-07,11449.57,10000,7
2026-12-09,9900.0,10000,8
2026-12-10,9801.0,10000,8
2026-12-14,9702.99,10000,8
2026-12-16,9994.08,10000,8
2026-12-17,9894.14,10000,8
2026-12-21,10190.96,10000,8
2026-12-23,10496.69,10000,8
2026-12-24,10706.63,10000,8
2026-12-28,10599.56,10000,8
2026-12-30,10493.56,10000,8
2026-12-31,10703.44,10000,8
2027-01-04,11024.54,10000,8
2027-01-06,10914.29,10000,8
2027-01-07,11132.58,10000,8
2027-01-11,11021.25,10000,8
2027-01-13,10911.04,10000,8
2027-01-14,11129.26,10000,8
2027-01-18,11017.97,10000,8
2027-01-20,11348.51,10000,8
2027-01-21,25500.0,25000,9
2027-01-25,25245.0,25000,9
2027-01-27,24992.55,25000,9
2027-01-28,24742.62,25000,9
2027-02-01,25484.9,25000,9
2027-02-03,25230.05,25000,9
2027-02-04,25734.66,25000,9
2027-02-08,25477.31,25000,9
2027-02-10,25222.54,25000,9
2027-02-11,24970.31,25000,9
2027-02-15,25719.42,25000,9
2027-02-17,25462.23,25000,9
2027-02-18,25971.47,25000,9
2027-02-22,26750.61,25000,9
2027-02-24,27553.13,25000,9
2027-02-25,27277.6,25000,9
2027-03-01,27004.83,25000,9
2027-03-03,26734.78,25000,9
2027-03-04,27269.47,25000,9
2027-03-08,28087.56,25000,9
2027-03-10,27806.68,25000,9
2027-03-11,28362.81,25000,9
2027-03-15,25750.0,25000,10
2027-03-17,25492.5,25000,10
2027-03-18,26002.35,25000,10
2027-03-22,25742.33,25000,10
2027-03-24,26514.6,25000,10
2027-03-25,26249.45,25000,10
2027-03-29,25986.96,25000,10
2027-03-31,26766.56,25000,10
2027-04-01,26498.9,25000,10
2027-04-05,26233.91,25000,10
2027-04-07,27020.93,25000,10
2027-04-08,26750.72,25000,10
2027-04-12,27553.24,25000,10
2027-04-14,28379.84,25000,10
2027-04-15,25500.0,25000,11
2027-04-19,25245.0,25000,11
2027-04-21,24992.55,25000,11
2027-04-22,25742.33,25000,11
2027-04-26,25484.9,25000,11
2027-04-28,26249.45,25000,11
2027-04-29,27036.93,25000,11
2027-05-03,26766.56,25000,11
2027-05-05,27569.56,25000,11
2027-05-06,28396.65,25000,11
2027-05-10,61200.0,60000,12
2027-05-12,63036.0,60000,12
2027-05-13,64927.08,60000,12
2027-05-17,64277.81,60000,12
2027-05-19,63635.03,60000,12
2027-05-20,62998.68,60000,12
2027-05-24,62368.69,60000,12
2027-05-26,61745.01,60000,12
2027-05-27,63597.36,60000,12
2027-05-31,64869.3,60000,12
2027-06-02,64220.61,60000,12
2027-06-03,63578.41,60000,12
2027-06-07,62942.62,60000,12
2027-06-09,64830.9,60000,12
2027-06-10,66775.83,60000,12
2027-06-14,66108.07,60000,12
2027-06-16,65446.99,60000,12
2027-06-17,64792.52,60000,12
2027-06-21,66088.37,60000,12
2027-06-23,68071.02,60000,12
2027-06-24,61800.0,60000,13
2027-06-28,61182.0,60000,13
2027-06-30,63017.46,60000,13
2027-07-01,62387.29,60000,13
2027-07-05,63635.03,60000,13
2027-07-07,62998.68,60000,13
2027-07-08,62368.69,60000,13
2027-07-12,63616.07,60000,13
2027-07-14,65524.55,60000,13
2027-07-15,64869.3,60000,13
2027-07-19,64220.61,60000,13
2027-07-21,63578.41,60000,13
2027-07-22,65485.76,60000,13
2027-07-26,64830.9,60000,13
2027-07-28,66775.83,60000,13
2027-07-29,68779.1,60000,13
2027-08-02,61200.0,60000,14
2027-08-04,60588.0,60000,14
2027-08-05,59982.12,60000,14
2027-08-09,61181.76,60000,14
2027-08-11,63017.22,60000,14
2027-08-12,62387.04,60000,14
2027-08-16,63634.78,60000,14
2027-08-18,62998.44,60000,14
2027-08-19,62368.45,60000,14
2027-08-23,63615.82,60000,14
2027-08-25,62979.66,60000,14
2027-08-26,64869.05,60000,14
2027-08-30,66166.43,60000,14
2027-09-01,65504.77,60000,14
2027-09-02,64849.72,60000,14
2027-09-06,64201.22,60000,14
2027-09-08,66127.26,60000,14
2027-09-09,65465.99,60000,14
2027-09-13,66775.31,60000,14
2027-09-15,66107.56,60000,14
2027-09-16,65446.48,60000,14
2027-09-20,64792.01,60000,14
2027-09-22,66735.78,60000,14
2027-09-23,66068.42,60000,14
2027-09-27,67389.79,60000,14
2027-09-29,69411.48,60000,14
2027-09-30,154500.0,150000,15
2027-10-04,152955.0,150000,15
2027-10-06,151425.45,150000,15
2027-10-07,149911.2,150000,15
2027-10-11,152909.42,150000,15
2027-10-13,157496.7,150000,15
2027-10-14,155921.73,150000,15
2027-10-18,159040.17,150000,15
2027-10-20,163811.37,150000,15
2027-10-21,162173.26,150000,15
2027-10-25,165416.73,150000,15
2027-10-27,163762.56,150000,15
2027-10-28,168675.44,150000,15
2027-11-01,166988.68,150000,15
2027-11-03,165318.79,150000,15
2027-11-04,170278.36,150000,15
2027-11-08,148500.0,150000,16
2027-11-10,147015.0,150000,16
2027-11-11,151425.45,150000,16
2027-11-15,149911.2,150000,16
2027-11-17,154408.53,150000,16
2027-11-18,159040.79,150000,16
2027-11-22,162221.6,150000,16
2027-11-24,160599.39,150000,16
2027-11-25,158993.39,150000,16
2027-11-29,163763.19,150000,16
2027-12-01,162125.56,150000,16
2027-12-02,166989.33,150000,16
2027-12-06,171999.01,150000,16
2027-12-08,148500.0,150000,17
2027-12-09,152955.0,150000,17
2027-12-13,157543.65,150000,17
2027-12-15,160694.52,150000,17
2027-12-16,165515.36,150000,17
2027-12-20,170480.82,150000,17
