date,day_of_week,pair,orb_time_gmt,orb_time_ist,entry_mode,rr_ratio,expected_wr,direction,orb_high,orb_low,orb_range_pips,entry_time,entry_price,sl_price,tp_price,risk_pips,result,pnl_pips,exit_time,exit_price,exit_reason,R
2025-09-04,Thursday,EURUSD,11:30,05:00 PM,5min,2.0,66.7,SHORT,1.16462,1.16423,3.9,2025-09-04 11:50:00,1.16422,1.16482,1.16302,6.0,LOSS,-6.0,2025-09-04 12:05:00,1.16482,SL Hit,-1.0
2025-09-11,Thursday,EURUSD,11:30,05:00 PM,5min,2.0,66.7,LONG,1.16865,1.16781,8.4,2025-09-11 11:50:00,1.16889,1.16761,1.17145,12.8,LOSS,-12.8,2025-09-11 12:15:00,1.16761,SL Hit,-1.0
2025-09-18,Thursday,EURUSD,11:30,05:00 PM,5min,2.0,66.7,SHORT,1.18333,1.18226,10.7,2025-09-18 11:45:00,1.1821,1.18353,1.17924,14.3,WIN,28.6,2025-09-18 13:00:00,1.1792399999999998,TP Hit,2.0
2025-09-25,Thursday,EURUSD,11:30,05:00 PM,5min,2.0,66.7,SHORT,1.17439,1.17348,9.1,2025-09-25 12:10:00,1.1734,1.17459,1.17102,11.9,WIN,23.8,2025-09-25 12:30:00,1.17102,TP Hit,2.0
2025-10-02,Thursday,EURUSD,11:30,05:00 PM,5min,2.0,66.7,LONG,1.17567,1.17491,7.6,2025-10-02 12:00:00,1.17579,1.17471,1.17795,10.8,LOSS,-10.8,2025-10-02 12:25:00,1.17471,SL Hit,-1.0
2025-10-09,Thursday,EURUSD,11:30,05:00 PM,5min,2.0,66.7,SHORT,1.16214,1.16144,7.0,2025-10-09 11:55:00,1.16122,1.16234,1.15898,11.2,WIN,22.4,2025-10-09 14:20:00,1.15898,TP Hit,2.0
2025-10-16,Thursday,EURUSD,11:30,05:00 PM,5min,2.0,66.7,LONG,1.16542,1.16465,7.7,2025-10-16 11:50:00,1.1655,1.16445,1.1676,10.5,WIN,21.0,2025-10-16 14:50:00,1.1676,TP Hit,2.0
2025-10-23,Thursday,EURUSD,11:30,05:00 PM,5min,2.0,66.7,LONG,1.15929,1.15859,7.0,2025-10-23 12:05:00,1.15935,1.15839,1.16127,9.6,WIN,19.2,2025-10-23 14:05:00,1.1612700000000002,TP Hit,2.0
2025-10-30,Thursday,EURUSD,11:30,05:00 PM,5min,2.0,66.7,SHORT,1.1611,1.16019,9.1,2025-10-30 11:45:00,1.1601,1.1613,1.1577,12.0,WIN,24.0,2025-10-30 12:25:00,1.1576999999999997,TP Hit,2.0
2025-11-06,Thursday,EURUSD,11:30,05:00 PM,5min,2.0,66.7,LONG,1.1521,1.15134,7.6,2025-11-06 12:10:00,1.15224,1.15114,1.15444,11.0,WIN,22.0,2025-11-06 18:05:00,1.1544399999999997,TP Hit,2.0
2025-11-13,Thursday,EURUSD,11:30,05:00 PM,5min,2.0,66.7,SHORT,1.16204,1.16132,7.2,2025-11-13 11:45:00,1.16071,1.16224,1.15765,15.3,LOSS,-15.3,2025-11-13 12:50:00,1.16224,SL Hit,-1.0
2025-11-20,Thursday,EURUSD,11:30,05:00 PM,5min,2.0,66.7,SHORT,1.15209,1.1515,5.9,2025-11-20 11:50:00,1.15148,1.15229,1.14986,8.1,LOSS,-8.1,2025-11-20 13:30:00,1.15229,SL Hit,-1.0
2025-11-27,Thursday,EURUSD,11:30,05:00 PM,5min,2.0,66.7,LONG,1.15851,1.15816,3.5,2025-11-27 11:55:00,1.15863,1.15796,1.15997,6.7,WIN,13.4,2025-11-27 16:25:00,1.15997,TP Hit,2.0
2025-12-04,Thursday,EURUSD,11:30,05:00 PM,5min,2.0,66.7,LONG,1.16795,1.16751,4.4,2025-12-04 11:55:00,1.16803,1.16731,1.16947,7.2,LOSS,-7.2,2025-12-04 12:30:00,1.16731,SL Hit,-1.0
2025-12-11,Thursday,EURUSD,11:30,05:00 PM,5min,2.0,66.7,SHORT,1.17179,1.17113,6.6,2025-12-11 12:00:00,1.17109,1.17199,1.16929,9.0,LOSS,-9.0,2025-12-11 13:25:00,1.17199,SL Hit,-1.0
2025-12-18,Thursday,EURUSD,11:30,05:00 PM,5min,2.0,66.7,SHORT,1.17275,1.17214,6.1,2025-12-18 11:55:00,1.17205,1.17295,1.17025,9.0,LOSS,-9.0,2025-12-18 13:15:00,1.17295,SL Hit,-1.0
2026-01-08,Thursday,EURUSD,11:30,05:00 PM,5min,2.0,66.7,SHORT,1.16783,1.16753,3.0,2026-01-08 12:10:00,1.16725,1.16803,1.16569,7.8,WIN,15.6,2026-01-08 14:15:00,1.16569,TP Hit,2.0
2026-01-15,Thursday,EURUSD,11:30,05:00 PM,5min,2.0,66.7,SHORT,1.16365,1.16324,4.1,2026-01-15 11:45:00,1.16313,1.16385,1.16169,7.2,WIN,14.4,2026-01-15 13:30:00,1.16169,TP Hit,2.0
2026-01-22,Thursday,EURUSD,11:30,05:00 PM,5min,2.0,66.7,LONG,1.17027,1.16966,6.1,2026-01-22 11:45:00,1.17038,1.16946,1.17222,9.2,WIN,18.4,2026-01-22 14:35:00,1.17222,TP Hit,2.0
2026-01-29,Thursday,EURUSD,11:30,05:00 PM,5min,2.0,66.7,LONG,1.19507,1.19455,5.2,2026-01-29 11:45:00,1.1951,1.19435,1.1966,7.5,LOSS,-7.5,2026-01-29 12:00:00,1.19435,SL Hit,-1.0
2026-02-04,Wednesday,GBPUSD,15:00,08:30 PM,15min,3.0,61.5,SHORT,1.36955,1.36775,18.0,2026-02-04 15:30:00,1.36735,1.36975,1.36015,24.0,WIN,27.4,2026-02-04 23:45:00,1.36461,EOD Close,1.1416666666666666
2026-02-05,Thursday,EURUSD,11:30,05:00 PM,5min,2.0,66.7,LONG,1.17944,1.17902,4.2,2026-02-05 11:45:00,1.17951,1.17882,1.18089,6.9,LOSS,-6.9,2026-02-05 12:00:00,1.17882,SL Hit,-1.0
2026-02-11,Wednesday,GBPUSD,15:00,08:30 PM,15min,3.0,61.5,SHORT,1.36672,1.36493,17.9,2026-02-11 15:15:00,1.36476,1.36692,1.35828,21.6,WIN,24.5,2026-02-11 23:45:00,1.36231,EOD Close,1.134259259259259
2026-02-12,Thursday,EURUSD,11:30,05:00 PM,5min,2.0,66.7,LONG,1.18813,1.18767,4.6,2026-02-12 11:50:00,1.18827,1.18747,1.18987,8.0,LOSS,-8.0,2026-02-12 12:40:00,1.18747,SL Hit,-1.0
2026-02-18,Wednesday,GBPUSD,15:00,08:30 PM,15min,3.0,61.5,SHORT,1.35521,1.35354,16.7,2026-02-18 16:45:00,1.35339,1.35541,1.34733,20.2,WIN,38.7,2026-02-18 23:45:00,1.34952,EOD Close,1.915841584158416
2026-02-19,Thursday,EURUSD,11:30,05:00 PM,5min,2.0,66.7,SHORT,1.17822,1.17766,5.6,2026-02-19 12:10:00,1.17763,1.17842,1.17605,7.9,WIN,15.8,2026-02-19 13:05:00,1.1760499999999998,TP Hit,2.0
2026-02-25,Wednesday,GBPUSD,15:00,08:30 PM,15min,3.0,61.5,LONG,1.35336,1.35176,16.0,2026-02-25 15:45:00,1.35338,1.35156,1.35884,18.2,WIN,23.7,2026-02-25 23:45:00,1.35575,EOD Close,1.3021978021978022
2026-02-26,Thursday,EURUSD,11:30,05:00 PM,5min,2.0,66.7,LONG,1.18031,1.18003,2.8,2026-02-26 12:10:00,1.18046,1.17983,1.18172,6.3,LOSS,-6.3,2026-02-26 15:20:00,1.17983,SL Hit,-1.0
2026-03-04,Wednesday,GBPUSD,15:00,08:30 PM,15min,3.0,61.5,LONG,1.33689,1.33539,15.0,2026-03-04 15:15:00,1.33757,1.33519,1.34471,23.8,LOSS,-23.8,2026-03-04 17:15:00,1.33519,SL Hit,-1.0
2026-03-05,Thursday,EURUSD,11:30,05:00 PM,5min,2.0,66.7,LONG,1.16109,1.16038,7.1,2026-03-05 11:55:00,1.16115,1.16018,1.16309,9.7,LOSS,-9.7,2026-03-05 13:40:00,1.16018,SL Hit,-1.0
2026-03-11,Wednesday,GBPUSD,15:00,08:30 PM,15min,3.0,61.5,SHORT,1.34273,1.34142,13.1,2026-03-11 15:15:00,1.34115,1.34293,1.33581,17.8,WIN,28.9,2026-03-11 23:45:00,1.33826,EOD Close,1.6235955056179774
2026-03-12,Thursday,EURUSD,11:30,05:00 PM,5min,2.0,66.7,SHORT,1.15662,1.15584,7.8,2026-03-12 11:50:00,1.15532,1.15682,1.15232,15.0,WIN,30.0,2026-03-12 13:20:00,1.1523199999999998,TP Hit,2.0
2026-03-18,Wednesday,GBPUSD,15:00,08:30 PM,15min,3.0,61.5,SHORT,1.33376,1.33244,13.2,2026-03-18 15:15:00,1.33229,1.33396,1.32728,16.7,LOSS,-16.7,2026-03-18 17:30:00,1.33396,SL Hit,-1.0
2026-03-19,Thursday,EURUSD,11:30,05:00 PM,5min,2.0,66.7,LONG,1.14733,1.14674,5.9,2026-03-19 11:50:00,1.14751,1.14654,1.14945,9.7,LOSS,-9.7,2026-03-19 12:25:00,1.1465400000000001,SL Hit,-1.0
2026-03-25,Wednesday,GBPUSD,15:00,08:30 PM,15min,3.0,61.5,SHORT,1.33917,1.33768,14.9,2026-03-25 15:30:00,1.33679,1.33937,1.32905,25.8,WIN,4.5,2026-03-25 23:45:00,1.33634,EOD Close,0.1744186046511628
2026-03-26,Thursday,EURUSD,11:30,05:00 PM,5min,2.0,66.7,SHORT,1.15448,1.15322,12.6,2026-03-26 11:45:00,1.15285,1.15468,1.14919,18.3,LOSS,-18.3,2026-03-26 13:40:00,1.15468,SL Hit,-1.0
2026-04-01,Wednesday,GBPUSD,15:00,08:30 PM,15min,3.0,61.5,SHORT,1.33379,1.33252,12.7,2026-04-01 15:15:00,1.33197,1.33399,1.32591,20.2,LOSS,-20.2,2026-04-01 17:00:00,1.33399,SL Hit,-1.0
2026-04-02,Thursday,EURUSD,11:30,05:00 PM,5min,2.0,66.7,LONG,1.15194,1.15104,9.0,2026-04-02 12:00:00,1.15252,1.15084,1.15588,16.8,WIN,33.6,2026-04-02 14:35:00,1.1558799999999998,TP Hit,2.0
2026-04-08,Wednesday,GBPUSD,15:00,08:30 PM,15min,3.0,61.5,SHORT,1.34491,1.34283,20.8,2026-04-08 16:00:00,1.34271,1.34511,1.33551,24.0,WIN,34.3,2026-04-08 23:45:00,1.33928,EOD Close,1.4291666666666665
2026-04-09,Thursday,EURUSD,11:30,05:00 PM,5min,2.0,66.7,LONG,1.16887,1.16801,8.6,2026-04-09 11:45:00,1.16891,1.16781,1.17111,11.0,LOSS,-11.0,2026-04-09 14:35:00,1.16781,SL Hit,-1.0
2026-04-15,Wednesday,GBPUSD,15:00,08:30 PM,15min,3.0,61.5,LONG,1.35754,1.35654,10.0,2026-04-15 15:15:00,1.35761,1.35634,1.36142,12.7,LOSS,-12.7,2026-04-15 20:15:00,1.35634,SL Hit,-1.0
2026-04-16,Thursday,EURUSD,11:30,05:00 PM,5min,2.0,66.7,SHORT,1.17874,1.17819,5.5,2026-04-16 11:45:00,1.17814,1.17894,1.17654,8.0,WIN,0.4,2026-04-16 23:55:00,1.1781,EOD Close,0.05
2026-04-22,Wednesday,GBPUSD,15:00,08:30 PM,15min,3.0,61.5,LONG,1.35048,1.34944,10.4,2026-04-22 15:15:00,1.35085,1.34924,1.35568,16.1,LOSS,-8.5,2026-04-22 23:45:00,1.35,EOD Close,-0.5279503105590062
2026-04-23,Thursday,EURUSD,11:30,05:00 PM,5min,2.0,66.7,LONG,1.16842,1.16792,5.0,2026-04-23 11:45:00,1.16871,1.16772,1.17069,9.9,WIN,19.8,2026-04-23 14:25:00,1.1706899999999996,TP Hit,2.0
2026-04-29,Wednesday,GBPUSD,15:00,08:30 PM,15min,3.0,61.5,SHORT,1.35023,1.34885,13.8,2026-04-29 15:15:00,1.34874,1.35043,1.34367,16.9,LOSS,-0.8,2026-04-29 23:45:00,1.34882,EOD Close,-0.04733727810650888
2026-04-30,Thursday,EURUSD,11:30,05:00 PM,5min,2.0,66.7,SHORT,1.17196,1.171,9.6,2026-04-30 11:50:00,1.17057,1.17216,1.16739,15.9,LOSS,-15.9,2026-04-30 14:50:00,1.1721599999999999,SL Hit,-1.0
2026-05-06,Wednesday,GBPUSD,15:00,08:30 PM,15min,3.0,61.5,SHORT,1.36044,1.35939,10.5,2026-05-06 16:00:00,1.35913,1.36064,1.3546,15.1,WIN,0.1,2026-05-06 23:45:00,1.35912,EOD Close,0.006622516556291392
2026-05-07,Thursday,EURUSD,11:30,05:00 PM,5min,2.0,66.7,LONG,1.17681,1.1763,5.1,2026-05-07 11:55:00,1.17698,1.1761,1.17874,8.8,LOSS,-8.8,2026-05-07 16:05:00,1.1761,SL Hit,-1.0
2026-05-13,Wednesday,GBPUSD,15:00,08:30 PM,15min,3.0,61.5,LONG,1.35198,1.35122,7.6,2026-05-13 15:30:00,1.35261,1.35102,1.35738,15.9,WIN,0.8,2026-05-13 23:45:00,1.35269,EOD Close,0.050314465408805034
2026-05-14,Thursday,EURUSD,11:30,05:00 PM,5min,2.0,66.7,SHORT,1.17057,1.16999,5.8,2026-05-14 11:55:00,1.16998,1.17077,1.1684,7.9,WIN,15.8,2026-05-14 14:55:00,1.1683999999999999,TP Hit,2.0
2026-05-20,Wednesday,GBPUSD,15:00,08:30 PM,15min,3.0,61.5,LONG,1.34395,1.34214,18.1,2026-05-20 15:15:00,1.34464,1.34194,1.35274,27.0,LOSS,-12.4,2026-05-20 23:45:00,1.3434,EOD Close,-0.45925925925925926
2026-05-21,Thursday,EURUSD,11:30,05:00 PM,5min,2.0,66.7,SHORT,1.16145,1.16069,7.6,2026-05-21 11:45:00,1.16054,1.16165,1.15832,11.1,WIN,22.2,2026-05-21 13:35:00,1.1583199999999996,TP Hit,2.0
2026-05-27,Wednesday,GBPUSD,15:00,08:30 PM,15min,3.0,61.5,LONG,1.34301,1.34164,13.7,2026-05-27 16:45:00,1.34307,1.34144,1.34796,16.3,LOSS,-16.3,2026-05-27 23:45:00,1.34144,SL Hit,-1.0
2026-05-28,Thursday,EURUSD,11:30,05:00 PM,5min,2.0,66.7,LONG,1.16119,1.1608,3.9,2026-05-28 11:50:00,1.16184,1.1606,1.16432,12.4,WIN,24.8,2026-05-28 14:10:00,1.1643199999999998,TP Hit,2.0
2026-06-03,Wednesday,GBPUSD,15:00,08:30 PM,15min,3.0,61.5,LONG,1.34373,1.34263,11.0,2026-06-03 15:30:00,1.3438,1.34243,1.34791,13.7,LOSS,-13.7,2026-06-03 16:00:00,1.34243,SL Hit,-1.0
2026-06-04,Thursday,EURUSD,11:30,05:00 PM,5min,2.0,66.7,SHORT,1.16441,1.1637,7.1,2026-06-04 12:55:00,1.16369,1.16461,1.16185,9.2,WIN,18.4,2026-06-04 18:25:00,1.1618499999999998,TP Hit,2.0
2026-06-10,Wednesday,GBPUSD,15:00,08:30 PM,15min,3.0,61.5,SHORT,1.34055,1.3392,13.5,2026-06-10 15:30:00,1.33907,1.34075,1.33403,16.8,WIN,29.1,2026-06-10 23:45:00,1.33616,EOD Close,1.7321428571428572
2026-06-11,Thursday,EURUSD,11:30,05:00 PM,5min,2.0,66.7,SHORT,1.15417,1.15367,5.0,2026-06-11 12:10:00,1.1534,1.15437,1.15146,9.7,WIN,19.4,2026-06-11 15:10:00,1.1514600000000002,TP Hit,2.0
2026-06-17,Wednesday,GBPUSD,15:00,08:30 PM,15min,3.0,61.5,LONG,1.33944,1.33878,6.6,2026-06-17 15:15:00,1.33955,1.33858,1.34246,9.7,LOSS,-9.7,2026-06-17 18:00:00,1.33858,SL Hit,-1.0
2026-06-18,Thursday,EURUSD,11:30,05:00 PM,5min,2.0,66.7,SHORT,1.14655,1.14582,7.3,2026-06-18 11:50:00,1.14573,1.14675,1.14369,10.2,LOSS,-10.2,2026-06-18 12:10:00,1.14675,SL Hit,-1.0
2026-06-24,Wednesday,GBPUSD,15:00,08:30 PM,15min,3.0,61.5,LONG,1.31581,1.31451,13.0,2026-06-24 15:15:00,1.31664,1.31431,1.32363,23.3,LOSS,-2.3,2026-06-24 23:45:00,1.31641,EOD Close,-0.09871244635193133
2026-06-25,Thursday,EURUSD,11:30,05:00 PM,5min,2.0,66.7,LONG,1.13392,1.13337,5.5,2026-06-25 12:05:00,1.13415,1.13317,1.13611,9.8,WIN,19.6,2026-06-25 12:40:00,1.13611,TP Hit,2.0
2026-07-01,Wednesday,GBPUSD,15:00,08:30 PM,15min,3.0,61.5,LONG,1.32793,1.3268,11.3,2026-07-01 16:00:00,1.32861,1.3266,1.33464,20.1,LOSS,-7.4,2026-07-01 23:45:00,1.32787,EOD Close,-0.3681592039800995
2026-07-02,Thursday,EURUSD,11:30,05:00 PM,5min,2.0,66.7,SHORT,1.14147,1.14077,7.0,2026-07-02 11:45:00,1.14063,1.14167,1.13855,10.4,LOSS,-10.4,2026-07-02 12:30:00,1.14167,SL Hit,-1.0
2026-07-08,Wednesday,GBPUSD,15:00,08:30 PM,15min,3.0,61.5,SHORT,1.33758,1.33612,14.6,2026-07-08 15:30:00,1.33605,1.33778,1.33086,17.3,LOSS,-17.3,2026-07-08 16:30:00,1.33778,SL Hit,-1.0
2026-07-09,Thursday,EURUSD,11:30,05:00 PM,5min,2.0,66.7,LONG,1.1427,1.14221,4.9,2026-07-09 11:50:00,1.14298,1.14201,1.14492,9.7,WIN,3.5,2026-07-09 23:55:00,1.14333,EOD Close,0.3608247422680413
2026-07-15,Wednesday,GBPUSD,15:00,08:30 PM,15min,3.0,61.5,LONG,1.34819,1.34735,8.4,2026-07-15 15:15:00,1.34878,1.34715,1.35367,16.3,WIN,48.9,2026-07-15 17:00:00,1.3536700000000002,TP Hit,3.0
2026-07-16,Thursday,EURUSD,11:30,05:00 PM,5min,2.0,66.7,LONG,1.14663,1.14601,6.2,2026-07-16 11:55:00,1.14686,1.14581,1.14896,10.5,LOSS,-10.5,2026-07-16 12:30:00,1.14581,SL Hit,-1.0
2026-07-22,Wednesday,GBPUSD,15:00,08:30 PM,15min,3.0,61.5,SHORT,1.33795,1.33726,6.9,2026-07-22 16:00:00,1.33688,1.33815,1.33307,12.7,LOSS,-5.8,2026-07-22 23:45:00,1.33746,EOD Close,-0.4566929133858268
2026-07-23,Thursday,EURUSD,11:30,05:00 PM,5min,2.0,66.7,SHORT,1.13988,1.13835,15.3,2026-07-23 12:20:00,1.13827,1.14008,1.13465,18.1,WIN,6.4,2026-07-23 23:55:00,1.13763,EOD Close,0.35359116022099446
2026-07-29,Wednesday,GBPUSD,15:00,08:30 PM,15min,3.0,61.5,SHORT,1.32932,1.32841,9.1,2026-07-29 16:00:00,1.32813,1.32952,1.32396,13.9,LOSS,-13.9,2026-07-29 17:00:00,1.32952,SL Hit,-1.0
2026-07-30,Thursday,EURUSD,11:30,05:00 PM,5min,2.0,66.7,LONG,1.14681,1.14651,3.0,2026-07-30 11:45:00,1.14686,1.14631,1.14796,5.5,WIN,11.0,2026-07-30 12:10:00,1.14796,TP Hit,2.0
2026-08-05,Wednesday,GBPUSD,15:00,08:30 PM,15min,3.0,61.5,SHORT,1.34836,1.34696,14.0,2026-08-05 15:15:00,1.34679,1.34856,1.34148,17.7,LOSS,-1.3,2026-08-05 23:45:00,1.34692,EOD Close,-0.07344632768361582
2026-08-06,Thursday,EURUSD,11:30,05:00 PM,5min,2.0,66.7,SHORT,1.15458,1.15386,7.2,2026-08-06 12:45:00,1.15383,1.15478,1.15193,9.5,WIN,19.0,2026-08-06 15:50:00,1.15193,TP Hit,2.0
2026-08-12,Wednesday,GBPUSD,15:00,08:30 PM,15min,3.0,61.5,SHORT,1.35104,1.35016,8.8,2026-08-12 16:30:00,1.35011,1.35124,1.34672,11.3,WIN,3.8,2026-08-12 23:45:00,1.34973,EOD Close,0.33628318584070793
2026-08-13,Thursday,EURUSD,11:30,05:00 PM,5min,2.0,66.7,SHORT,1.15375,1.15351,2.4,2026-08-13 11:50:00,1.15349,1.15395,1.15257,4.6,LOSS,-4.6,2026-08-13 12:45:00,1.15395,SL Hit,-1.0
2026-08-19,Wednesday,GBPUSD,15:00,08:30 PM,15min,3.0,61.5,SHORT,1.36139,1.36048,9.1,2026-08-19 17:00:00,1.36038,1.36159,1.35675,12.1,WIN,3.6,2026-08-19 23:45:00,1.36002,EOD Close,0.2975206611570248
2026-08-20,Thursday,EURUSD,11:30,05:00 PM,5min,2.0,66.7,SHORT,1.1696,1.16875,8.5,2026-08-20 11:45:00,1.16868,1.1698,1.16644,11.2,LOSS,-0.7,2026-08-20 23:55:00,1.16875,EOD Close,-0.0625
2026-08-26,Wednesday,GBPUSD,15:00,08:30 PM,15min,3.0,61.5,LONG,1.35951,1.35865,8.6,2026-08-26 15:30:00,1.3596,1.35845,1.36305,11.5,WIN,0.6,2026-08-26 23:45:00,1.35966,EOD Close,0.05217391304347826
2026-08-27,Thursday,EURUSD,11:30,05:00 PM,5min,2.0,66.7,SHORT,1.16443,1.16377,6.6,2026-08-27 11:45:00,1.16373,1.16463,1.16193,9.0,LOSS,-9.0,2026-08-27 13:05:00,1.16463,SL Hit,-1.0
2026-09-02,Wednesday,GBPUSD,15:00,08:30 PM,15min,3.0,61.5,SHORT,1.35105,1.35024,8.1,2026-09-02 15:30:00,1.34957,1.35125,1.34453,16.8,WIN,12.9,2026-09-02 23:45:00,1.34828,EOD Close,0.7678571428571428
2026-09-03,Thursday,EURUSD,11:30,05:00 PM,5min,2.0,66.7,LONG,1.16116,1.16055,6.1,2026-09-03 11:45:00,1.16133,1.16035,1.16329,9.8,WIN,19.6,2026-09-03 16:20:00,1.16329,TP Hit,2.0
