date,day_of_week,pair,orb_time_gmt,orb_time_ist,entry_mode,rr_ratio,expected_wr,direction,orb_high,orb_low,orb_range_pips,entry_time,entry_price,sl_price,tp_price,risk_pips,result,pnl_pips,exit_time,exit_price,exit_reason
2026-02-02,Monday,USDCAD,15:45,09:15 PM,15min,3.0,61.5,LONG,1.36929,1.36697,23.2,2026-02-02 18:00:00,1.36996,1.36677,1.37953,31.9,LOSS,-31.9,2026-02-02 21:00:00,1.36677,SL Hit
2026-02-04,Wednesday,GBPUSD,15:00,08:30 PM,15min,3.0,61.5,SHORT,1.36955,1.36775,18.0,2026-02-04 15:30:00,1.36735,1.36975,1.36015,24.0,WIN,27.4,2026-02-04 23:45:00,1.36461,EOD Close
2026-02-05,Thursday,USDCAD,11:15,04:45 PM,15min,2.0,72.7,LONG,1.36886,1.36836,5.0,2026-02-05 12:30:00,1.36912,1.36816,1.37104,9.6,LOSS,-9.6,2026-02-05 12:45:00,1.36816,SL Hit
2026-02-05,Thursday,EURUSD,11:30,05:00 PM,5min,2.0,66.7,LONG,1.17944,1.17902,4.2,2026-02-05 11:45:00,1.17951,1.17882,1.18089,6.9,LOSS,-6.9,2026-02-05 12:00:00,1.17882,SL Hit
2026-02-05,Thursday,GBPUSD,03:45,09:15 AM,15min,2.0,63.6,LONG,1.36256,1.36209,4.7,2026-02-05 04:15:00,1.36281,1.36189,1.36465,9.2,LOSS,-9.2,2026-02-05 05:15:00,1.36189,SL Hit
2026-02-06,Friday,USDCAD,16:00,09:30 PM,15min,2.5,63.0,LONG,1.36383,1.36303,8.0,2026-02-06 16:15:00,1.36442,1.36283,1.3684,15.9,WIN,28.7,2026-02-06 21:45:00,1.36729,EOD Close
2026-02-09,Monday,USDCAD,15:45,09:15 PM,15min,3.0,61.5,SHORT,1.35805,1.35718,8.7,2026-02-09 16:00:00,1.35683,1.35825,1.35257,14.2,WIN,7.0,2026-02-09 23:45:00,1.35613,EOD Close
2026-02-11,Wednesday,GBPUSD,15:00,08:30 PM,15min,3.0,61.5,SHORT,1.36672,1.36493,17.9,2026-02-11 15:15:00,1.36476,1.36692,1.35828,21.6,WIN,24.5,2026-02-11 23:45:00,1.36231,EOD Close
2026-02-12,Thursday,USDCAD,11:15,04:45 PM,15min,2.0,72.7,LONG,1.35634,1.35595,3.9,2026-02-12 11:30:00,1.35642,1.35575,1.35776,6.7,LOSS,-6.7,2026-02-12 11:45:00,1.35575,SL Hit
2026-02-12,Thursday,EURUSD,11:30,05:00 PM,5min,2.0,66.7,LONG,1.18813,1.18767,4.6,2026-02-12 11:50:00,1.18827,1.18747,1.18987,8.0,LOSS,-8.0,2026-02-12 12:40:00,1.18747,SL Hit
2026-02-12,Thursday,GBPUSD,03:45,09:15 AM,15min,2.0,63.6,SHORT,1.36353,1.36265,8.8,2026-02-12 04:15:00,1.36255,1.36373,1.36019,11.8,LOSS,-11.8,2026-02-12 08:00:00,1.3637299999999999,SL Hit
2026-02-13,Friday,USDCAD,16:00,09:30 PM,15min,2.5,63.0,SHORT,1.36364,1.36267,9.7,2026-02-13 16:15:00,1.36195,1.36384,1.35722,18.9,WIN,1.7,2026-02-13 21:45:00,1.36178,EOD Close
2026-02-16,Monday,USDCAD,15:45,09:15 PM,15min,3.0,61.5,LONG,1.36342,1.36269,7.3,2026-02-16 16:45:00,1.36347,1.36249,1.36641,9.8,WIN,1.9,2026-02-16 23:45:00,1.36366,EOD Close
2026-02-18,Wednesday,GBPUSD,15:00,08:30 PM,15min,3.0,61.5,SHORT,1.35521,1.35354,16.7,2026-02-18 16:45:00,1.35339,1.35541,1.34733,20.2,WIN,38.7,2026-02-18 23:45:00,1.34952,EOD Close
2026-02-19,Thursday,USDCAD,11:15,04:45 PM,15min,2.0,72.7,LONG,1.36878,1.36824,5.4,2026-02-19 11:30:00,1.36888,1.36804,1.37056,8.4,WIN,16.8,2026-02-19 13:00:00,1.3705600000000004,TP Hit
2026-02-19,Thursday,EURUSD,11:30,05:00 PM,5min,2.0,66.7,SHORT,1.17822,1.17766,5.6,2026-02-19 12:10:00,1.17763,1.17842,1.17605,7.9,WIN,15.8,2026-02-19 13:05:00,1.1760499999999998,TP Hit
2026-02-19,Thursday,GBPUSD,03:45,09:15 AM,15min,2.0,63.6,SHORT,1.3492,1.3488,4.0,2026-02-19 04:15:00,1.34852,1.3494,1.34676,8.8,LOSS,-8.8,2026-02-19 06:15:00,1.3494,SL Hit
2026-02-20,Friday,USDCAD,16:00,09:30 PM,15min,2.5,63.0,LONG,1.36852,1.36741,11.1,2026-02-20 16:15:00,1.36934,1.36721,1.37466,21.3,LOSS,-21.3,2026-02-20 18:45:00,1.36721,SL Hit
2026-02-23,Monday,USDCAD,15:45,09:15 PM,15min,3.0,61.5,LONG,1.36896,1.36784,11.2,2026-02-23 16:00:00,1.36904,1.36764,1.37324,14.0,WIN,4.2,2026-02-23 23:45:00,1.36946,EOD Close
2026-02-25,Wednesday,GBPUSD,15:00,08:30 PM,15min,3.0,61.5,LONG,1.35336,1.35176,16.0,2026-02-25 15:45:00,1.35338,1.35156,1.35884,18.2,WIN,23.7,2026-02-25 23:45:00,1.35575,EOD Close
2026-02-26,Thursday,USDCAD,11:15,04:45 PM,15min,2.0,72.7,LONG,1.36815,1.36765,5.0,2026-02-26 11:30:00,1.36818,1.36745,1.36964,7.3,LOSS,-7.3,2026-02-26 13:00:00,1.36745,SL Hit
2026-02-26,Thursday,EURUSD,11:30,05:00 PM,5min,2.0,66.7,LONG,1.18031,1.18003,2.8,2026-02-26 12:10:00,1.18046,1.17983,1.18172,6.3,LOSS,-6.3,2026-02-26 15:20:00,1.17983,SL Hit
2026-02-26,Thursday,GBPUSD,03:45,09:15 AM,15min,2.0,63.6,SHORT,1.35588,1.35556,3.2,2026-02-26 04:00:00,1.35524,1.35608,1.35356,8.4,LOSS,-8.4,2026-02-26 05:45:00,1.35608,SL Hit
2026-02-27,Friday,USDCAD,16:00,09:30 PM,15min,2.5,63.0,SHORT,1.3641,1.36287,12.3,2026-02-27 17:30:00,1.36279,1.3643,1.35901,15.1,LOSS,-15.1,2026-02-27 21:00:00,1.3643,SL Hit
2026-03-02,Monday,USDCAD,15:45,09:15 PM,15min,3.0,61.5,LONG,1.3704,1.36949,9.1,2026-03-02 16:15:00,1.37122,1.36929,1.37701,19.3,LOSS,-19.3,2026-03-02 19:00:00,1.3692900000000001,SL Hit
2026-03-04,Wednesday,GBPUSD,15:00,08:30 PM,15min,3.0,61.5,LONG,1.33689,1.33539,15.0,2026-03-04 15:15:00,1.33757,1.33519,1.34471,23.8,LOSS,-23.8,2026-03-04 17:15:00,1.33519,SL Hit
2026-03-05,Thursday,USDCAD,11:15,04:45 PM,15min,2.0,72.7,SHORT,1.36381,1.36315,6.6,2026-03-05 12:45:00,1.36217,1.36401,1.35849,18.4,LOSS,-18.4,2026-03-05 13:30:00,1.36401,SL Hit
2026-03-05,Thursday,EURUSD,11:30,05:00 PM,5min,2.0,66.7,LONG,1.16109,1.16038,7.1,2026-03-05 11:55:00,1.16115,1.16018,1.16309,9.7,LOSS,-9.7,2026-03-05 13:40:00,1.16018,SL Hit
2026-03-05,Thursday,GBPUSD,03:45,09:15 AM,15min,2.0,63.6,SHORT,1.33449,1.3338,6.9,2026-03-05 04:15:00,1.33313,1.33469,1.33001,15.6,LOSS,-15.6,2026-03-05 07:30:00,1.33469,SL Hit
2026-03-06,Friday,USDCAD,16:00,09:30 PM,15min,2.5,63.0,SHORT,1.36279,1.3611,16.9,2026-03-06 16:30:00,1.36038,1.36299,1.35385,26.1,WIN,38.7,2026-03-06 21:45:00,1.35651,EOD Close
2026-03-09,Monday,USDCAD,15:45,09:15 PM,15min,3.0,61.5,SHORT,1.35805,1.35697,10.8,2026-03-09 16:15:00,1.35679,1.35825,1.35241,14.6,LOSS,-14.6,2026-03-09 17:15:00,1.35825,SL Hit
2026-03-11,Wednesday,GBPUSD,15:00,08:30 PM,15min,3.0,61.5,SHORT,1.34273,1.34142,13.1,2026-03-11 15:15:00,1.34115,1.34293,1.33581,17.8,WIN,28.9,2026-03-11 23:45:00,1.33826,EOD Close
2026-03-12,Thursday,USDCAD,11:15,04:45 PM,15min,2.0,72.7,LONG,1.35912,1.3588,3.2,2026-03-12 11:45:00,1.35922,1.3586,1.36046,6.2,WIN,12.4,2026-03-12 13:00:00,1.3604600000000002,TP Hit
2026-03-12,Thursday,EURUSD,11:30,05:00 PM,5min,2.0,66.7,SHORT,1.15662,1.15584,7.8,2026-03-12 11:50:00,1.15532,1.15682,1.15232,15.0,WIN,30.0,2026-03-12 13:20:00,1.1523199999999998,TP Hit
2026-03-12,Thursday,GBPUSD,03:45,09:15 AM,15min,2.0,63.6,SHORT,1.33733,1.33694,3.9,2026-03-12 04:30:00,1.33642,1.33753,1.3342,11.1,LOSS,-11.1,2026-03-12 05:30:00,1.3375299999999999,SL Hit
2026-03-13,Friday,USDCAD,16:00,09:30 PM,15min,2.5,63.0,LONG,1.37388,1.3732,6.8,2026-03-13 16:15:00,1.37403,1.373,1.37661,10.3,LOSS,-10.3,2026-03-13 16:45:00,1.373,SL Hit
2026-03-16,Monday,USDCAD,15:45,09:15 PM,15min,3.0,61.5,SHORT,1.36876,1.36718,15.8,2026-03-16 18:30:00,1.367,1.36896,1.36112,19.6,LOSS,-17.1,2026-03-16 23:45:00,1.36871,EOD Close
2026-03-18,Wednesday,GBPUSD,15:00,08:30 PM,15min,3.0,61.5,SHORT,1.33376,1.33244,13.2,2026-03-18 15:15:00,1.33229,1.33396,1.32728,16.7,LOSS,-16.7,2026-03-18 17:30:00,1.33396,SL Hit
2026-03-19,Thursday,USDCAD,11:15,04:45 PM,15min,2.0,72.7,SHORT,1.37439,1.37346,9.3,2026-03-19 12:00:00,1.37343,1.37459,1.37111,11.6,LOSS,-11.6,2026-03-19 12:15:00,1.37459,SL Hit
2026-03-19,Thursday,EURUSD,11:30,05:00 PM,5min,2.0,66.7,LONG,1.14733,1.14674,5.9,2026-03-19 11:50:00,1.14751,1.14654,1.14945,9.7,LOSS,-9.7,2026-03-19 12:25:00,1.1465400000000001,SL Hit
2026-03-19,Thursday,GBPUSD,03:45,09:15 AM,15min,2.0,63.6,SHORT,1.3288,1.32816,6.4,2026-03-19 04:00:00,1.32775,1.329,1.32525,12.5,WIN,25.0,2026-03-19 07:00:00,1.32525,TP Hit
2026-03-20,Friday,USDCAD,16:00,09:30 PM,15min,2.5,63.0,SHORT,1.37344,1.37243,10.1,2026-03-20 16:15:00,1.37183,1.37364,1.36731,18.1,LOSS,-5.7,2026-03-20 20:45:00,1.3724,EOD Close
2026-03-23,Monday,USDCAD,15:45,09:15 PM,15min,3.0,61.5,LONG,1.37238,1.37109,12.9,2026-03-23 16:15:00,1.37287,1.37089,1.37881,19.8,WIN,1.9,2026-03-23 23:45:00,1.37306,EOD Close
2026-03-25,Wednesday,GBPUSD,15:00,08:30 PM,15min,3.0,61.5,SHORT,1.33917,1.33768,14.9,2026-03-25 15:30:00,1.33679,1.33937,1.32905,25.8,WIN,4.5,2026-03-25 23:45:00,1.33634,EOD Close
2026-03-26,Thursday,USDCAD,11:15,04:45 PM,15min,2.0,72.7,LONG,1.38449,1.38366,8.3,2026-03-26 11:30:00,1.38453,1.38346,1.38667,10.7,LOSS,-10.7,2026-03-26 12:45:00,1.38346,SL Hit
2026-03-26,Thursday,EURUSD,11:30,05:00 PM,5min,2.0,66.7,SHORT,1.15448,1.15322,12.6,2026-03-26 11:45:00,1.15285,1.15468,1.14919,18.3,LOSS,-18.3,2026-03-26 13:40:00,1.15468,SL Hit
2026-03-26,Thursday,GBPUSD,03:45,09:15 AM,15min,2.0,63.6,LONG,1.33656,1.33624,3.2,2026-03-26 04:15:00,1.33669,1.33604,1.33799,6.5,LOSS,-6.5,2026-03-26 05:15:00,1.3360400000000001,SL Hit
2026-03-27,Friday,USDCAD,16:00,09:30 PM,15min,2.5,63.0,SHORT,1.38841,1.38746,9.5,2026-03-27 16:15:00,1.38724,1.38861,1.38382,13.7,LOSS,-13.7,2026-03-27 17:15:00,1.38861,SL Hit
2026-03-30,Monday,USDCAD,15:45,09:15 PM,15min,3.0,61.5,SHORT,1.39298,1.39217,8.1,2026-03-30 16:00:00,1.39201,1.39318,1.3885,11.7,LOSS,-8.9,2026-03-30 23:45:00,1.3929,EOD Close
2026-04-01,Wednesday,GBPUSD,15:00,08:30 PM,15min,3.0,61.5,SHORT,1.33379,1.33252,12.7,2026-04-01 15:15:00,1.33197,1.33399,1.32591,20.2,LOSS,-20.2,2026-04-01 17:00:00,1.33399,SL Hit
2026-04-02,Thursday,USDCAD,11:15,04:45 PM,15min,2.0,72.7,SHORT,1.39315,1.39257,5.8,2026-04-02 11:30:00,1.39223,1.39335,1.38999,11.2,WIN,6.1,2026-04-02 23:45:00,1.39162,EOD Close
2026-04-02,Thursday,EURUSD,11:30,05:00 PM,5min,2.0,66.7,LONG,1.15194,1.15104,9.0,2026-04-02 12:00:00,1.15252,1.15084,1.15588,16.8,WIN,33.6,2026-04-02 14:35:00,1.1558799999999998,TP Hit
2026-04-02,Thursday,GBPUSD,03:45,09:15 AM,15min,2.0,63.6,SHORT,1.32457,1.32311,14.6,2026-04-02 05:00:00,1.32295,1.32477,1.31931,18.2,WIN,36.4,2026-04-02 10:15:00,1.3193100000000002,TP Hit
2026-04-03,Friday,USDCAD,16:00,09:30 PM,15min,2.5,63.0,LONG,1.39457,1.39417,4.0,2026-04-03 19:00:00,1.39458,1.39397,1.3961,6.1,LOSS,-6.1,2026-04-03 20:15:00,1.39397,SL Hit
2026-04-06,Monday,USDCAD,15:45,09:15 PM,15min,3.0,61.5,SHORT,1.39234,1.39153,8.1,2026-04-06 16:00:00,1.39134,1.39254,1.38774,12.0,WIN,0.8,2026-04-06 23:45:00,1.39126,EOD Close
2026-04-08,Wednesday,GBPUSD,15:00,08:30 PM,15min,3.0,61.5,SHORT,1.34491,1.34283,20.8,2026-04-08 16:00:00,1.34271,1.34511,1.33551,24.0,WIN,34.3,2026-04-08 23:45:00,1.33928,EOD Close
2026-04-09,Thursday,USDCAD,11:15,04:45 PM,15min,2.0,72.7,SHORT,1.38525,1.38463,6.2,2026-04-09 11:30:00,1.38352,1.38545,1.37966,19.3,WIN,12.3,2026-04-09 23:45:00,1.38229,EOD Close
2026-04-09,Thursday,EURUSD,11:30,05:00 PM,5min,2.0,66.7,LONG,1.16887,1.16801,8.6,2026-04-09 11:45:00,1.16891,1.16781,1.17111,11.0,LOSS,-11.0,2026-04-09 14:35:00,1.16781,SL Hit
2026-04-09,Thursday,GBPUSD,03:45,09:15 AM,15min,2.0,63.6,LONG,1.33975,1.339,7.5,2026-04-09 04:00:00,1.34061,1.3388,1.34423,18.1,LOSS,-18.1,2026-04-09 06:15:00,1.3388,SL Hit
2026-04-10,Friday,USDCAD,16:00,09:30 PM,15min,2.5,63.0,LONG,1.38368,1.38284,8.4,2026-04-10 16:30:00,1.38373,1.38264,1.38645,10.9,LOSS,-10.9,2026-04-10 18:15:00,1.38264,SL Hit
2026-04-13,Monday,USDCAD,15:45,09:15 PM,15min,3.0,61.5,SHORT,1.38154,1.38094,6.0,2026-04-13 16:15:00,1.38086,1.38174,1.37822,8.8,WIN,22.1,2026-04-13 23:45:00,1.37865,EOD Close
2026-04-15,Wednesday,GBPUSD,15:00,08:30 PM,15min,3.0,61.5,LONG,1.35754,1.35654,10.0,2026-04-15 15:15:00,1.35761,1.35634,1.36142,12.7,LOSS,-12.7,2026-04-15 20:15:00,1.35634,SL Hit
2026-04-16,Thursday,USDCAD,11:15,04:45 PM,15min,2.0,72.7,SHORT,1.37333,1.37304,2.9,2026-04-16 11:30:00,1.37275,1.37353,1.37119,7.8,WIN,15.6,2026-04-16 13:45:00,1.37119,TP Hit
2026-04-16,Thursday,EURUSD,11:30,05:00 PM,5min,2.0,66.7,SHORT,1.17874,1.17819,5.5,2026-04-16 11:45:00,1.17814,1.17894,1.17654,8.0,WIN,0.4,2026-04-16 23:55:00,1.1781,EOD Close
2026-04-16,Thursday,GBPUSD,03:45,09:15 AM,15min,2.0,63.6,SHORT,1.35851,1.35811,4.0,2026-04-16 04:00:00,1.35805,1.35871,1.35673,6.6,WIN,13.2,2026-04-16 05:30:00,1.3567299999999998,TP Hit
2026-04-17,Friday,USDCAD,16:00,09:30 PM,15min,2.5,63.0,LONG,1.36762,1.36671,9.1,2026-04-17 17:30:00,1.36785,1.36651,1.3712,13.4,WIN,13.2,2026-04-17 20:45:00,1.36917,EOD Close
2026-04-20,Monday,USDCAD,15:45,09:15 PM,15min,3.0,61.5,SHORT,1.36553,1.3642,13.3,2026-04-20 17:45:00,1.36416,1.36573,1.35945,15.7,LOSS,-3.1,2026-04-20 23:45:00,1.36447,EOD Close
2026-04-22,Wednesday,GBPUSD,15:00,08:30 PM,15min,3.0,61.5,LONG,1.35048,1.34944,10.4,2026-04-22 15:15:00,1.35085,1.34924,1.35568,16.1,LOSS,-8.5,2026-04-22 23:45:00,1.35,EOD Close
2026-04-23,Thursday,USDCAD,11:15,04:45 PM,15min,2.0,72.7,SHORT,1.36761,1.36705,5.6,2026-04-23 11:45:00,1.36675,1.36781,1.36463,10.6,LOSS,-10.6,2026-04-23 12:15:00,1.36781,SL Hit
2026-04-23,Thursday,EURUSD,11:30,05:00 PM,5min,2.0,66.7,LONG,1.16842,1.16792,5.0,2026-04-23 11:45:00,1.16871,1.16772,1.17069,9.9,WIN,19.8,2026-04-23 14:25:00,1.1706899999999996,TP Hit
2026-04-23,Thursday,GBPUSD,03:45,09:15 AM,15min,2.0,63.6,LONG,1.34867,1.34829,3.8,2026-04-23 04:15:00,1.3487,1.34809,1.34992,6.1,WIN,12.2,2026-04-23 07:00:00,1.34992,TP Hit
2026-04-24,Friday,USDCAD,16:00,09:30 PM,15min,2.5,63.0,SHORT,1.3681,1.36756,5.4,2026-04-24 16:45:00,1.3674,1.3683,1.36515,9.0,WIN,3.9,2026-04-24 20:45:00,1.36701,EOD Close
2026-04-27,Monday,USDCAD,15:45,09:15 PM,15min,3.0,61.5,LONG,1.36172,1.36147,2.5,2026-04-27 16:15:00,1.36173,1.36127,1.36311,4.6,WIN,13.8,2026-04-27 19:45:00,1.3631100000000005,TP Hit
2026-04-29,Wednesday,GBPUSD,15:00,08:30 PM,15min,3.0,61.5,SHORT,1.35023,1.34885,13.8,2026-04-29 15:15:00,1.34874,1.35043,1.34367,16.9,LOSS,-0.8,2026-04-29 23:45:00,1.34882,EOD Close
2026-04-30,Thursday,USDCAD,11:15,04:45 PM,15min,2.0,72.7,LONG,1.36593,1.36528,6.5,2026-04-30 11:30:00,1.36602,1.36508,1.3679,9.4,LOSS,-9.4,2026-04-30 14:00:00,1.36508,SL Hit
2026-04-30,Thursday,EURUSD,11:30,05:00 PM,5min,2.0,66.7,SHORT,1.17196,1.171,9.6,2026-04-30 11:50:00,1.17057,1.17216,1.16739,15.9,LOSS,-15.9,2026-04-30 14:50:00,1.1721599999999999,SL Hit
2026-04-30,Thursday,GBPUSD,03:45,09:15 AM,15min,2.0,63.6,SHORT,1.34774,1.34736,3.8,2026-04-30 04:00:00,1.34734,1.34794,1.34614,6.0,WIN,12.0,2026-04-30 04:15:00,1.3461400000000001,TP Hit
2026-05-01,Friday,USDCAD,16:00,09:30 PM,15min,2.5,63.0,LONG,1.35797,1.35738,5.9,2026-05-01 16:15:00,1.35833,1.35718,1.3612,11.5,WIN,8.1,2026-05-01 20:45:00,1.35914,EOD Close
2026-05-04,Monday,USDCAD,15:45,09:15 PM,15min,3.0,61.5,LONG,1.36164,1.36073,9.1,2026-05-04 16:00:00,1.36173,1.36053,1.36533,12.0,LOSS,-12.0,2026-05-04 18:15:00,1.36053,SL Hit
2026-05-06,Wednesday,GBPUSD,15:00,08:30 PM,15min,3.0,61.5,SHORT,1.36044,1.35939,10.5,2026-05-06 16:00:00,1.35913,1.36064,1.3546,15.1,WIN,0.1,2026-05-06 23:45:00,1.35912,EOD Close
2026-05-07,Thursday,USDCAD,11:15,04:45 PM,15min,2.0,72.7,LONG,1.36289,1.36255,3.4,2026-05-07 11:30:00,1.36318,1.36235,1.36484,8.3,WIN,16.6,2026-05-07 19:45:00,1.3648400000000003,TP Hit
2026-05-07,Thursday,EURUSD,11:30,05:00 PM,5min,2.0,66.7,LONG,1.17681,1.1763,5.1,2026-05-07 11:55:00,1.17698,1.1761,1.17874,8.8,LOSS,-8.8,2026-05-07 16:05:00,1.1761,SL Hit
2026-05-07,Thursday,GBPUSD,03:45,09:15 AM,15min,2.0,63.6,LONG,1.35976,1.3593,4.6,2026-05-07 04:15:00,1.35983,1.3591,1.36129,7.3,LOSS,-7.3,2026-05-07 06:30:00,1.3591,SL Hit
2026-05-08,Friday,USDCAD,16:00,09:30 PM,15min,2.5,63.0,LONG,1.36863,1.3679,7.3,2026-05-08 16:30:00,1.36878,1.3677,1.37148,10.8,LOSS,-10.8,2026-05-08 19:00:00,1.3677,SL Hit
2026-05-11,Monday,USDCAD,15:45,09:15 PM,15min,3.0,61.5,LONG,1.36689,1.36638,5.1,2026-05-11 18:15:00,1.36709,1.36618,1.36982,9.1,WIN,8.4,2026-05-11 23:45:00,1.36793,EOD Close
2026-05-13,Wednesday,GBPUSD,15:00,08:30 PM,15min,3.0,61.5,LONG,1.35198,1.35122,7.6,2026-05-13 15:30:00,1.35261,1.35102,1.35738,15.9,WIN,0.8,2026-05-13 23:45:00,1.35269,EOD Close
2026-05-14,Thursday,USDCAD,11:15,04:45 PM,15min,2.0,72.7,LONG,1.3721,1.37171,3.9,2026-05-14 11:30:00,1.37215,1.37151,1.37343,6.4,LOSS,-6.4,2026-05-14 14:15:00,1.37151,SL Hit
2026-05-14,Thursday,EURUSD,11:30,05:00 PM,5min,2.0,66.7,SHORT,1.17057,1.16999,5.8,2026-05-14 11:55:00,1.16998,1.17077,1.1684,7.9,WIN,15.8,2026-05-14 14:55:00,1.1683999999999999,TP Hit
2026-05-14,Thursday,GBPUSD,03:45,09:15 AM,15min,2.0,63.6,LONG,1.35298,1.3526,3.8,2026-05-14 04:15:00,1.353,1.3524,1.3542,6.0,LOSS,-6.0,2026-05-14 05:00:00,1.3524,SL Hit
2026-05-15,Friday,USDCAD,16:00,09:30 PM,15min,2.5,63.0,SHORT,1.37539,1.37495,4.4,2026-05-15 16:15:00,1.37444,1.37559,1.37157,11.5,LOSS,-11.5,2026-05-15 18:30:00,1.3755899999999999,SL Hit
2026-05-18,Monday,USDCAD,15:45,09:15 PM,15min,3.0,61.5,SHORT,1.37475,1.37415,6.0,2026-05-18 16:00:00,1.37394,1.37495,1.37091,10.1,LOSS,-10.1,2026-05-18 18:45:00,1.37495,SL Hit
2026-05-20,Wednesday,GBPUSD,15:00,08:30 PM,15min,3.0,61.5,LONG,1.34395,1.34214,18.1,2026-05-20 15:15:00,1.34464,1.34194,1.35274,27.0,LOSS,-12.4,2026-05-20 23:45:00,1.3434,EOD Close
2026-05-21,Thursday,USDCAD,11:15,04:45 PM,15min,2.0,72.7,LONG,1.37658,1.37609,4.9,2026-05-21 11:45:00,1.37693,1.37589,1.37901,10.4,WIN,20.8,2026-05-21 14:00:00,1.3790099999999998,TP Hit
2026-05-21,Thursday,EURUSD,11:30,05:00 PM,5min,2.0,66.7,SHORT,1.16145,1.16069,7.6,2026-05-21 11:45:00,1.16054,1.16165,1.15832,11.1,WIN,22.2,2026-05-21 13:35:00,1.1583199999999996,TP Hit
2026-05-21,Thursday,GBPUSD,03:45,09:15 AM,15min,2.0,63.6,LONG,1.34308,1.34261,4.7,2026-05-21 04:45:00,1.34314,1.34241,1.3446,7.3,LOSS,-7.3,2026-05-21 07:15:00,1.34241,SL Hit
2026-05-22,Friday,USDCAD,16:00,09:30 PM,15min,2.5,63.0,SHORT,1.38223,1.38146,7.7,2026-05-22 16:15:00,1.38145,1.38243,1.379,9.8,LOSS,-9.8,2026-05-22 20:45:00,1.38243,SL Hit
2026-05-27,Wednesday,GBPUSD,15:00,08:30 PM,15min,3.0,61.5,LONG,1.34301,1.34164,13.7,2026-05-27 16:45:00,1.34307,1.34144,1.34796,16.3,LOSS,-16.3,2026-05-27 23:45:00,1.34144,SL Hit
2026-05-28,Thursday,GBPUSD,03:45,09:15 AM,15min,2.0,63.6,LONG,1.33777,1.33685,9.2,2026-05-28 05:00:00,1.3379,1.33665,1.3404,12.5,WIN,25.0,2026-05-28 06:30:00,1.3404,TP Hit
2026-06-03,Wednesday,GBPUSD,15:00,08:30 PM,15min,3.0,61.5,LONG,1.34373,1.34263,11.0,2026-06-03 15:30:00,1.3438,1.34243,1.34791,13.7,LOSS,-13.7,2026-06-03 16:00:00,1.34243,SL Hit
2026-06-04,Thursday,GBPUSD,03:45,09:15 AM,15min,2.0,63.6,LONG,1.34241,1.34176,6.5,2026-06-04 04:30:00,1.343,1.34156,1.34588,14.4,LOSS,-14.4,2026-06-04 07:30:00,1.34156,SL Hit
2026-06-10,Wednesday,GBPUSD,15:00,08:30 PM,15min,3.0,61.5,SHORT,1.34055,1.3392,13.5,2026-06-10 15:30:00,1.33907,1.34075,1.33403,16.8,WIN,29.1,2026-06-10 23:45:00,1.33616,EOD Close
2026-06-11,Thursday,GBPUSD,03:45,09:15 AM,15min,2.0,63.6,LONG,1.338,1.33778,2.2,2026-06-11 04:30:00,1.33844,1.33758,1.34016,8.6,LOSS,-8.6,2026-06-11 06:00:00,1.33758,SL Hit
2026-06-17,Wednesday,GBPUSD,15:00,08:30 PM,15min,3.0,61.5,LONG,1.33944,1.33878,6.6,2026-06-17 15:15:00,1.33955,1.33858,1.34246,9.7,LOSS,-9.7,2026-06-17 18:00:00,1.33858,SL Hit
2026-06-18,Thursday,GBPUSD,03:45,09:15 AM,15min,2.0,63.6,SHORT,1.33178,1.33155,2.3,2026-06-18 04:00:00,1.33131,1.33198,1.32997,6.7,WIN,13.4,2026-06-18 05:45:00,1.32997,TP Hit
